{
    "latent_dim": 32,
    "final_dim": 16,
    "lr": 0.002620839763450218,
    "weight_decay": 0.000210543807663548,
    "theta_1": 0.18691548401170222
}