{
    "latent_dim": 64,
    "final_dim": 64,
    "lr": 0.0008952957510773724,
    "weight_decay": 0.00030918767666094645,
    "theta_1": 0.13098356566274738
}